{"cameraMode":{"drawMode":0,"name":"Shaded","section":"Shading Mode"},"sceneLighting":true,"audioPlay":false,"sceneViewState":{"showFog":true,"showMaterialUpdate":false,"showSkybox":true,"showFlares":true,"showImageEffects":true,"showParticleSystems":true},"in2DMode":false,"pivot":{"x":1095.6932373046875,"y":-0.9264678955078125,"z":1033.68359375},"rotation":{"x":0.2621540129184723,"y":0.2165890485048294,"z":-0.06048600375652313,"w":0.9384593963623047},"size":26.23076820373535,"orthographic":false}