{"cameraMode":{"drawMode":0,"name":"Shaded","section":"Shading Mode"},"sceneLighting":true,"audioPlay":false,"sceneViewState":{"showFog":true,"showMaterialUpdate":false,"showSkybox":true,"showFlares":true,"showImageEffects":true,"showParticleSystems":true},"in2DMode":false,"pivot":{"x":1250.719970703125,"y":0.0,"z":1169.3499755859375},"rotation":{"x":0.4730280935764313,"y":0.022459981963038446,"z":-0.012066932395100594,"w":0.8806783556938171},"size":31.31797981262207,"orthographic":false}