{"cameraMode":{"drawMode":0,"name":"Shaded","section":"Shading Mode"},"sceneLighting":false,"audioPlay":false,"sceneViewState":{"showFog":true,"showMaterialUpdate":false,"showSkybox":false,"showFlares":true,"showImageEffects":true,"showParticleSystems":true},"in2DMode":false,"pivot":{"x":1079.4599609375,"y":0.34433746337890627,"z":1036.0794677734375},"rotation":{"x":0.24726560711860658,"y":-0.01713002659380436,"z":0.004388805944472551,"w":0.9687864184379578},"size":4.739264488220215,"orthographic":false}